[
  {
    "line": 1,
    "elements": [
      {
        "line": 6,
        "name": "User Registration and Adds item to Cart",
        "description": "",
        "id": "user-registration-and-add-item-to-cart-with-validations-using-chrome-browser;user-registration-and-adds-item-to-cart",
        "type": "scenario",
        "keyword": "Scenario",
        "steps": [
          {
            "result": {
              "duration": 20452167619,
              "error_message": "org.openqa.selenium.NoSuchWindowException: no such window: target window already closed\nfrom unknown error: web view not found\n  (Session info: chrome\u003d72.0.3626.96)\n  (Driver info: chromedriver\u003d2.38.552522 (437e6fbedfa8762dec75e2c5b3ddb86763dc9dcb),platform\u003dWindows NT 10.0.17134 x86_64) (WARNING: The server did not provide any stacktrace information)\nCommand duration or timeout: 0 milliseconds\nBuild info: version: \u00273.5.3\u0027, revision: \u0027a88d25fe6b\u0027, time: \u00272017-08-29T12:42:44.417Z\u0027\nSystem info: host: \u0027LAPTOP-ISSEPS94\u0027, ip: \u0027172.20.10.2\u0027, os.name: \u0027Windows 10\u0027, os.arch: \u0027amd64\u0027, os.version: \u002710.0\u0027, java.version: \u00279.0.1\u0027\nDriver info: org.openqa.selenium.chrome.ChromeDriver\nCapabilities [{mobileEmulationEnabled\u003dfalse, hasTouchScreen\u003dfalse, platform\u003dXP, acceptSslCerts\u003dfalse, acceptInsecureCerts\u003dfalse, webStorageEnabled\u003dtrue, browserName\u003dchrome, takesScreenshot\u003dtrue, javascriptEnabled\u003dtrue, platformName\u003dXP, setWindowRect\u003dtrue, unexpectedAlertBehaviour\u003d, applicationCacheEnabled\u003dfalse, rotatable\u003dfalse, networkConnectionEnabled\u003dfalse, chrome\u003d{chromedriverVersion\u003d2.38.552522 (437e6fbedfa8762dec75e2c5b3ddb86763dc9dcb), userDataDir\u003dC:\\Users\\BENSEB~1\\AppData\\Local\\Temp\\scoped_dir18180_24826}, takesHeapSnapshot\u003dtrue, pageLoadStrategy\u003dnormal, unhandledPromptBehavior\u003d, databaseEnabled\u003dfalse, handlesAlerts\u003dtrue, version\u003d72.0.3626.96, browserConnectionEnabled\u003dfalse, nativeEvents\u003dtrue, locationContextEnabled\u003dtrue, cssSelectorsEnabled\u003dtrue}]\nSession ID: 8d4d1c2bd1104c669926138270c92336\r\n\tat java.base/jdk.internal.reflect.NativeConstructorAccessorImpl.newInstance0(Native Method)\r\n\tat java.base/jdk.internal.reflect.NativeConstructorAccessorImpl.newInstance(Unknown Source)\r\n\tat java.base/jdk.internal.reflect.DelegatingConstructorAccessorImpl.newInstance(Unknown Source)\r\n\tat java.base/java.lang.reflect.Constructor.newInstance(Unknown Source)\r\n\tat org.openqa.selenium.remote.ErrorHandler.createThrowable(ErrorHandler.java:215)\r\n\tat org.openqa.selenium.remote.ErrorHandler.throwIfResponseFailed(ErrorHandler.java:167)\r\n\tat org.openqa.selenium.remote.http.JsonHttpResponseCodec.reconstructValue(JsonHttpResponseCodec.java:40)\r\n\tat org.openqa.selenium.remote.http.AbstractHttpResponseCodec.decode(AbstractHttpResponseCodec.java:82)\r\n\tat org.openqa.selenium.remote.http.AbstractHttpResponseCodec.decode(AbstractHttpResponseCodec.java:45)\r\n\tat org.openqa.selenium.remote.HttpCommandExecutor.execute(HttpCommandExecutor.java:164)\r\n\tat org.openqa.selenium.remote.service.DriverCommandExecutor.execute(DriverCommandExecutor.java:82)\r\n\tat org.openqa.selenium.remote.RemoteWebDriver.execute(RemoteWebDriver.java:646)\r\n\tat org.openqa.selenium.remote.RemoteWebDriver.execute(RemoteWebDriver.java:703)\r\n\tat org.openqa.selenium.remote.RemoteWebDriver$RemoteWebDriverOptions.deleteAllCookies(RemoteWebDriver.java:785)\r\n\tat com.uiautomation.base.TestBase.initialization(TestBase.java:65)\r\n\tat stepDefinitions.HomePageStepDef.homePageValidation(HomePageStepDef.java:26)\r\n\tat ✽.Given User is on Homepage(C:/mily.mary/Selenium_ Env/Eclipse/changableworkspace_temp/UIAutomationAsgnmt/src/test/java/features/chromeUIAutomation.feature:7)\r\n",
              "status": "failed"
            },
            "line": 7,
            "name": "User is on Homepage",
            "match": {
              "location": "HomePageStepDef.homePageValidation()"
            },
            "keyword": "Given "
          },
          {
            "result": {
              "status": "skipped"
            },
            "line": 8,
            "name": "User navigates to SignIn Page",
            "match": {
              "location": "HomePageStepDef.clickSignInLink()"
            },
            "keyword": "And "
          },
          {
            "result": {
              "status": "skipped"
            },
            "line": 9,
            "name": "User registers with valid emailID post validation for incorrect emailID",
            "match": {
              "location": "SignInPageStepDef.registerEmailID()"
            },
            "keyword": "When "
          },
          {
            "result": {
              "status": "skipped"
            },
            "line": 10,
            "name": "User enters form details for registration",
            "match": {
              "location": "UserAccRegistrationStepDef.userRegistrationWithValidations()"
            },
            "keyword": "And "
          },
          {
            "result": {
              "status": "skipped"
            },
            "line": 11,
            "name": "User navigates to MegaMenu Dresses",
            "match": {
              "location": "MyAccPageStepDef.userNavToMegaMenu_Dresses()"
            },
            "keyword": "Then "
          },
          {
            "result": {
              "status": "skipped"
            },
            "line": 12,
            "name": "Selects Summer Dresses SubMenu",
            "match": {
              "location": "MyAccPageStepDef.selectsSummerDressesMenu()"
            },
            "keyword": "And "
          },
          {
            "result": {
              "status": "skipped"
            },
            "line": 13,
            "name": "Verify if grid view is selected",
            "match": {
              "location": "SummDressPageStepDef.verifyGridVew()"
            },
            "keyword": "And "
          },
          {
            "result": {
              "status": "skipped"
            },
            "line": 14,
            "name": "User sorts items by price",
            "match": {
              "location": "SummDressPageStepDef.sortByPrice_highestFirst()"
            },
            "keyword": "Then "
          },
          {
            "result": {
              "status": "skipped"
            },
            "line": 15,
            "name": "validate if product grid is arranged properly",
            "match": {
              "location": "SummDressPageStepDef.validateGridPostSort()"
            },
            "keyword": "And "
          },
          {
            "result": {
              "status": "skipped"
            },
            "line": 16,
            "name": "User selects a product",
            "match": {
              "location": "SummDressPageStepDef.user_selects_a_product()"
            },
            "keyword": "Then "
          },
          {
            "result": {
              "status": "skipped"
            },
            "line": 17,
            "name": "User changes colour of product",
            "match": {
              "location": "AddToCartPageStepDef.changeProductColour()"
            },
            "keyword": "And "
          },
          {
            "result": {
              "status": "skipped"
            },
            "line": 18,
            "name": "Add product to cart and checkout",
            "match": {
              "location": "AddToCartPageStepDef.checkoutProduct()"
            },
            "keyword": "Then "
          },
          {
            "result": {
              "status": "skipped"
            },
            "line": 19,
            "name": "Validate Cart Summary details for selected product details",
            "match": {
              "location": "CartSummaryPageStepDef.validateCartSummary()"
            },
            "keyword": "And "
          }
        ],
        "tags": [
          {
            "line": 5,
            "name": "@chromeUIAutomation"
          }
        ]
      }
    ],
    "name": "User Registration and Add item to Cart with validations using Chrome browser",
    "description": "",
    "id": "user-registration-and-add-item-to-cart-with-validations-using-chrome-browser",
    "keyword": "Feature",
    "uri": "C:/mily.mary/Selenium_ Env/Eclipse/changableworkspace_temp/UIAutomationAsgnmt/src/test/java/features/chromeUIAutomation.feature"
  }
]